ID,Xpath,Page,Field,action,unique,value
ActivatingSecureElementProcessTitle,//android.widget.TextView[@resource-id='com.mobeewave.pep.mpos.debug:id/toolbar_title'],ActivatingSecureElement,ProcessTitle,view,,
ActivatingSecureElementTitle,//android.widget.TextView[@resource-id='com.mobeewave.pep.mpos.debug:id/payment_acceptance_setup_header'],ActivatingSecureElement,Title,view,yes,Activating secure element
ActivatingSecureElementTextBody,//android.widget.TextView[@resource-id='com.mobeewave.pep.mpos.debug:id/payment_acceptance_setup_text'],ActivatingSecureElement,TextBody,view,,
ActivatingSecureElementProgressBarText,//android.widget.TextView[@resource-id='com.mobeewave.pep.mpos.debug:id/progress_bar_installing'],ActivatingSecureElement,ProgressBarText,view,,
ActivatingSecureElementProgressBarValue,//android.widget.TextView[@resource-id='com.mobeewave.pep.mpos.debug:id/progress_bar_text'],ActivatingSecureElement,ProgressBarValue,view,,
ActivatingSecureElementProgressBarBackground,//android.widget.LinearLayout[@resource-id='com.mobeewave.pep.mpos.debug:id/progress_bar_background'],ActivatingSecureElement,ProgressBarBackground,view,,
ActivatingSecureElementProgressBarForeground,//android.widget.LinearLayout[@resource-id='com.mobeewave.pep.mpos.debug:id/progress_bar_fore'],ActivatingSecureElement,ProgressBarForeground,view,,
AllowBatterySettingsChangeTitle,//android.widget.TextView[@resource-id='com.mobeewave.pep.mpos.debug:id/popup_header'],AllowBatterySettingsChange,Title,view,yes,Allow to not optimise battery
AllowBatterySettingsChangeTextBody,//android.widget.TextView[@resource-id='com.mobeewave.pep.mpos.debug:id/popup_text'],AllowBatterySettingsChange,TextBody,view,,
AllowBatterySettingsChangeDeny,//android.widget.Button[@text='Deny'],AllowBatterySettingsChange,Deny,click,,
AllowBatterySettingsChangeContinue,//android.widget.Button[@text='Continue'],AllowBatterySettingsChange,Continue,click,,
AllowTimeoutSettingsChangeTitle,//android.widget.TextView[@resource-id='com.mobeewave.pep.mpos.debug:id/popup_header'],AllowTimeoutSettingsChange,Title,view,yes,Allow write system setting
AllowTimeoutSettingsChangeTextBody,//android.widget.TextView[@resource-id='com.mobeewave.pep.mpos.debug:id/popup_text'],AllowTimeoutSettingsChange,TextBody,view,,
AllowTimeoutSettingsChangeDeny,//android.widget.Button[@text='Deny'],AllowTimeoutSettingsChange,Deny,click,,
AllowTimeoutSettingsChangeContinue,//android.widget.Button[@text='Continue'],AllowTimeoutSettingsChange,Continue,click,,
AndroidAlertTitle,//android.widget.TextView[@resource-id='android:id/alertTitle'],AndroidAlert,Title,view,yes,Stop optimizing battery usage?
AndroidAlertTextBody,//android.widget.TextView[@resource-id='android:id/message'],AndroidAlert,TextBody,view,,
AndroidAlertDeny,//android.widget.Button[@text='Deny'],AndroidAlert,Deny,click,,
AndroidAlertAllow,//android.widget.Button[@text='Allow'],AndroidAlert,Allow,click,,
AndroidDeviceSettingsback,//android.view.ViewGroup[@resource-id='android:id/action_bar']/android.widget.ImageButton[@index=0],AndroidDeviceSettings,back,click,,
AndroidDeviceSettingsTitle,//android.view.ViewGroup[@resource-id='android:id/action_bar']/android.widget.TextView[@index=1],AndroidDeviceSettings,Title,view,yes,DEVICE SETTINGS
EnterPINPepImage,//android.widget.ImageView[@resource-id='com.mobeewave.pep.mpos.debug:id/lock_bank_logo'],EnterPIN,PepImage,view,,
EnterPINProcessTitle,//android.widget.TextView[@resource-id='com.mobeewave.pep.mpos.debug:id/toolbar_title'],EnterPIN,ProcessTitle,view,,
EnterPINEncryptedPIN,//android.widget.TextView[@resource-id='com.mobeewave.pep.mpos.debug:id/lock_pin_bg'],EnterPIN,EncryptedPIN,view,,
EnterPINTitle,//android.widget.TextView[@resource-id='com.mobeewave.pep.mpos.debug:id/lock_header'],EnterPIN,Title,view,,
EnterPINTextBody,//android.widget.TextView[@resource-id='com.mobeewave.pep.mpos.debug:id/lock_text'],EnterPIN,TextBody,view,,
EnterPIN1,//android.widget.Button[@resource-id='com.mobeewave.pep.mpos.debug:id/numpad_button_1'],EnterPIN,1,click,,
EnterPIN2,//android.widget.Button[@resource-id='com.mobeewave.pep.mpos.debug:id/numpad_button_2'],EnterPIN,2,click,,
EnterPIN3,//android.widget.Button[@resource-id='com.mobeewave.pep.mpos.debug:id/numpad_button_3'],EnterPIN,3,click,,
EnterPIN4,//android.widget.Button[@resource-id='com.mobeewave.pep.mpos.debug:id/numpad_button_4'],EnterPIN,4,click,,
EnterPIN5,//android.widget.Button[@resource-id='com.mobeewave.pep.mpos.debug:id/numpad_button_5'],EnterPIN,5,click,,
EnterPIN6,//android.widget.Button[@resource-id='com.mobeewave.pep.mpos.debug:id/numpad_button_6'],EnterPIN,6,click,,
EnterPIN7,//android.widget.Button[@resource-id='com.mobeewave.pep.mpos.debug:id/numpad_button_7'],EnterPIN,7,click,,
EnterPIN8,//android.widget.Button[@resource-id='com.mobeewave.pep.mpos.debug:id/numpad_button_8'],EnterPIN,8,click,,
EnterPIN9,//android.widget.Button[@resource-id='com.mobeewave.pep.mpos.debug:id/numpad_button_9'],EnterPIN,9,click,,
EnterPINDelete,//android.widget.Button[@resource-id='com.mobeewave.pep.mpos.debug:id/numpad_button_delete'],EnterPIN,Delete,click,,
EnterPIN0,//android.widget.Button[@resource-id='com.mobeewave.pep.mpos.debug:id/numpad_button_0'],EnterPIN,0,click,,
EnterPINOK,//android.widget.LinearLayout[@resource-id='com.mobeewave.pep.mpos.debug:id/numpad_button_ok'],EnterPIN,OK,click,,
EnterPINSecurityImage,//android.widget.ImageView[@resource-id='com.mobeewave.pep.mpos.debug:id/lock_merchant_image'],EnterPIN,SecurityImage,click,,
EnterPINForgotPIN,//android.widget.Button[@resource-id='com.mobeewave.pep.mpos.debug:id/base_tertiary_button'],EnterPIN,ForgotPIN,click,yes,FORGOT PIN
MerchantPasswordpassword,//android.widget.EditText[@text='Password'],MerchantPassword,password,text input,yes,Password
MerchantPasswordContinue,//android.widget.Button[@text='CONTINUE'],MerchantPassword,Continue,click,,
MerchantSignInID,//android.widget.EditText[@resource-id='com.mobeewave.pep.mpos.debug:id/sign_up_account_number'],MerchantSignIn,ID,text input,,
MerchantSignInOK,//android.widget.Button[@resource-id='com.mobeewave.pep.mpos.debug:id/base_primary_button'],MerchantSignIn,OK,click,,
MerchantSignInTitle,//android.widget.TextView[@resource-id='com.mobeewave.pep.mpos.debug:id/sign_up_header'],MerchantSignIn,Title,view,yes,Merchant Sign In
MerchantSignInRegister,//android.widget.Button[@resource-id='com.mobeewave.pep.mpos.debug:id/base_secondary_button'],MerchantSignIn,Register,click,,
NoNetworkConnectionTitle,//android.widget.TextView[@text='No Network Connection'],NoNetworkConnection,Title,view,yes,
NoNetworkConnectionclose,//android.widget.Button[@text='CLOSE'],NoNetworkConnection,close,click,,
NoNetworkConnectionretry,//android.widget.Button[@text='RETRY'],NoNetworkConnection,retry,click,,
ProvisionUpdateCompleteProcessTitle,//android.widget.TextView[@resource-id='com.mobeewave.pep.mpos.debug:id/toolbar_title'],ProvisionUpdateComplete,ProcessTitle,view,,
ProvisionUpdateCompleteTitle,//android.widget.TextView[@resource-id='com.mobeewave.pep.mpos.debug:id/provisioned_header'],ProvisionUpdateComplete,Title,view,yes,Thank You!
ProvisionUpdateCompleteTextBody,//android.widget.TextView[@resource-id='com.mobeewave.pep.mpos.debug:id/provisioned_body'],ProvisionUpdateComplete,TextBody,view,,
ProvisionUpdateCompleteDone,//android.widget.Button[@text='DONE'],ProvisionUpdateComplete,Done,click,,
PurchaseDescriptionNext,//android.widget.Button[@text='NEXT'],PurchaseDescription,Next,click,,
PurchaseDescriptionDescription,//android.widget.EditText[@resource-id='com.mobeewave.pep.mpos.debug:id/description_edit'],PurchaseDescription,Description,inputText,,
PurchaseDescriptionTitle,//android.widget.TextView[@resource-id='com.mobeewave.pep.mpos.debug:id/description_header_text'],PurchaseDescription,Title,view,yes,Enter Purchase Description
SettingsAdvancedSideMenu,//android.widget.TextView[@resource-id='com.mobeewave.pep.mpos.debug:id/toolbar_title']/../android.widget.ImageButton[@index=0],SettingsAdvanced,SideMenu,click,,
SettingsAdvancedTitle,//android.widget.TextView[@resource-id='com.mobeewave.pep.mpos.debug:id/toolbar_title'],SettingsAdvanced,Title,view,,
SettingsAdvancedTerminalTab,//android.widget.TextView[@text='TERMINAL'],SettingsAdvanced,TerminalTab,click,,
SettingsAdvancedAdvancedTab,//android.widget.TextView[@text='ADVANCED'],SettingsAdvanced,AdvancedTab,click,,
SettingsAdvancedAppVersionText,//android.widget.TextView[@resource-id='com.mobeewave.pep.mpos.debug:id/app_version']/../android.widget.TextView[@index=0],SettingsAdvanced,AppVersionText,view,yes,Application version
SettingsAdvancedAppVersionValue,//android.widget.TextView[@resource-id='com.mobeewave.pep.mpos.debug:id/app_version'],SettingsAdvanced,AppVersionValue,view,,
SettingsAdvancedSettlementTimeText,//android.widget.TextView[@resource-id='com.mobeewave.pep.mpos.debug:id/settlement_time']/../../android.widget.TextView[@index=2],SettingsAdvanced,SettlementTimeText,view,,
SettingsAdvancedSettlementTimeValue,//android.widget.TextView[@resource-id='com.mobeewave.pep.mpos.debug:id/settlement_time'],SettingsAdvanced,SettlementTimeValue,view,,
SettingsAdvancedsettlementButton,//android.widget.Button[@resource-id='com.mobeewave.pep.mpos.debug:id/advanced_settings_settle_button'],SettingsAdvanced,settlementButton,click,,
SettingsAdvancedRequirePermissionText,//android.widget.TextView[@resource-id='com.mobeewave.pep.mpos.debug:id/settlement_time']/../../android.widget.LinearLayout[@index=5]/android.widget.TextView[@index=0],SettingsAdvanced,RequirePermissionText,view,,
SettingsAdvancedAllowModifyTimeoutText,//android.widget.Switch[@resource-id='com.mobeewave.pep.mpos.debug:id/advanced_settings_timeout_toggle']/../android.widget.TextView[@index=0],SettingsAdvanced,AllowModifyTimeoutText,view,,
SettingsAdvancedAllowModifyTimeoutValue,//android.widget.Switch[@resource-id='com.mobeewave.pep.mpos.debug:id/advanced_settings_timeout_toggle'],SettingsAdvanced,AllowModifyTimeoutValue,view,,
SettingsAdvancedAllowmodifyPowerSettingText,//android.widget.Switch[@resource-id='com.mobeewave.pep.mpos.debug:id/advanced_settings_power_toggle']/../android.widget.TextView[@index=0],SettingsAdvanced,AllowmodifyPowerSettingText,view,,
SettingsAdvancedAllowmodifyPowerSettingValue,//android.widget.Switch[@resource-id='com.mobeewave.pep.mpos.debug:id/advanced_settings_power_toggle'],SettingsAdvanced,AllowmodifyPowerSettingValue,view,,
SettingsTerminalSideMenu,//android.widget.TextView[@resource-id='com.mobeewave.pep.mpos.debug:id/toolbar_title']/../android.widget.ImageButton[@index=0],SettingsTerminal,SideMenu,click,,
SettingsTerminalTitle,//android.widget.TextView[@resource-id='com.mobeewave.pep.mpos.debug:id/toolbar_title'],SettingsTerminal,Title,view,,
SettingsTerminalTerminalTab,//android.widget.TextView[@text='TERMINAL'],SettingsTerminal,TerminalTab,click,,
SettingsTerminalAdvancedTab,//android.widget.TextView[@text='ADVANCED'],SettingsTerminal,AdvancedTab,click,,
SettingsTerminalTerminalIDText,//android.widget.TextView[@text='Terminal ID'],SettingsTerminal,TerminalIDText,view,yes,Terminal ID
SettingsTerminalTerminalIDValue,//android.widget.TextView[@resource-id='com.mobeewave.pep.mpos.debug:id/terminal_id'],SettingsTerminal,TerminalIDValue,view,,
SettingsTerminalPINWhenCancelTransactionText,//android.widget.TextView[@text='Ask for PIN when cancelling a transaction.'],SettingsTerminal,PINWhenCancelTransactionText,view,,
SettingsTerminalPINWhenCancelTransactionValue,//android.widget.Switch[@resource-id='com.mobeewave.pep.mpos.debug:id/pin_switch'],SettingsTerminal,PINWhenCancelTransactionValue,click,,
SettingsTerminalAddTipText,//android.widget.TextView[@text='Show add tip screen during transaction flow.'],SettingsTerminal,AddTipText,view,,
SettingsTerminalAddTipValue,//android.widget.Switch[@resource-id='com.mobeewave.pep.mpos.debug:id/enable_tip_switch'],SettingsTerminal,AddTipValue,click,,
SettingsTerminalTipOptionText,//android.widget.TextView[@resource-id='com.mobeewave.pep.mpos.debug:id/general_settings_tips_label'],SettingsTerminal,TipOptionText,view,,
SettingsTerminalTipOptionValue1,//android.widget.EditText[@resource-id='com.mobeewave.pep.mpos.debug:id/tip_1'],SettingsTerminal,TipOptionValue1,inputText,,
SettingsTerminalTipOptionValue2,//android.widget.EditText[@resource-id='com.mobeewave.pep.mpos.debug:id/tip_2'],SettingsTerminal,TipOptionValue2,inputText,,
SettingsTerminalTipOptionValue3,//android.widget.EditText[@resource-id='com.mobeewave.pep.mpos.debug:id/tip_3'],SettingsTerminal,TipOptionValue3,inputText,,
SettingsTerminalPurchaseDesriptionText,//android.widget.TextView[@text='Show optional description during transaction flow'],SettingsTerminal,PurchaseDesriptionText,view,,
SettingsTerminalPurchaseDesriptionValue,//android.widget.Switch[@resource-id='com.mobeewave.pep.mpos.debug:id/description_switch'],SettingsTerminal,PurchaseDesriptionValue,click,,
SideMenuPepImage,//android.widget.ImageView[@resource-id='com.mobeewave.pep.mpos.debug:id/material_drawer_account'],SideMenu,Logo,view,,
SideMenuUsernameIcon,//android.widget.ImageView[@resource-id='com.mobeewave.pep.mpos.debug:id/user_account'],SideMenu,UsernameIcon,view,,
SideMenuUsername,//android.widget.TextView[@resource-id='com.mobeewave.pep.mpos.debug:id/header_user_name'],SideMenu,UsernameValue,view,,
SideMenuPurchase,//android.widget.TextView[@text='Purchase']/../..,SideMenu,Purchase,click,,
SideMenuShowMenu,//android.widget.ImageButton[@index=0],SideMenu,ShowMenu,click,,
SideMenuTransactionReports,//android.support.v7.widget.RecyclerView[@resource-id='com.mobeewave.pep.mpos.debug:id/material_drawer_recycler_view']/android.widget.LinearLayout[@index=3],SideMenu,TransactionReports,click,,
SideMenuSettingsIcon,,SideMenu,SettingsIcon,view,,
SideMenuSettingsText,,SideMenu,SettingsText,view,,
SideMenuSettings,//android.support.v7.widget.RecyclerView[@resource-id='com.mobeewave.pep.mpos.debug:id/material_drawer_recycler_view']/android.widget.LinearLayout[@index=2],SideMenu,Settings,click,,
SideMenuTransactionHistory,//android.support.v7.widget.RecyclerView[@resource-id='com.mobeewave.pep.mpos.debug:id/material_drawer_recycler_view']/android.widget.LinearLayout[@index=1],SideMenu,TransactionHistory,click,,
SideMenuChangePIN,//android.support.v7.widget.RecyclerView[@resource-id='com.mobeewave.pep.mpos.debug:id/material_drawer_recycler_view']/android.widget.LinearLayout[@index=4],SideMenu,ChangePIN,click,,
SideMenuUserManagement,//android.support.v7.widget.RecyclerView[@resource-id='com.mobeewave.pep.mpos.debug:id/material_drawer_recycler_view']/android.widget.LinearLayout[@index=5],SideMenu,UserManagement,click,,
SideMenuContactUs,//android.support.v7.widget.RecyclerView[@resource-id='com.mobeewave.pep.mpos.debug:id/material_drawer_recycler_view']/android.widget.LinearLayout[@index=6],SideMenu,ContactUs,click,,
SideMenuHelp,//android.support.v7.widget.RecyclerView[@resource-id='com.mobeewave.pep.mpos.debug:id/material_drawer_recycler_view']/android.widget.LinearLayout[@index=7],SideMenu,Help,click,,
SideMenuLogout,//android.support.v7.widget.RecyclerView[@resource-id='com.mobeewave.pep.mpos.debug:id/material_drawer_recycler_view']/android.widget.LinearLayout[@index=7],SideMenu,Logout,click,,
SignInSelectionFirstUser,//android.support.v7.widget.RecyclerView[@resource-id='com.mobeewave.pep.mpos.debug:id/user_list_recycler']/android.widget.LinearLayout[@index=0],SignInSelection,FirstUser,click,,
SignInSelectionSecondUser,//android.support.v7.widget.RecyclerView[@resource-id='com.mobeewave.pep.mpos.debug:id/user_list_recycler']/android.widget.LinearLayout[@index=1],SignInSelection,SecondUser,click,,
SignInSelectionTitle,//android.widget.TextView[@resource-id='com.mobeewave.pep.mpos.debug:id/lock_header'],SignInSelection,Title,view,yes,Sign in
PurchaseResultNoReceipt,//android.widget.Button[@resource-id='com.mobeewave.pep.mpos.debug:id/base_secondary_button'],PurchaseResult,NoReceipt,click,yes,NO RECEIPT
PurchaseResultEmailReceipt,//android.widget.Button[@resource-id='com.mobeewave.pep.mpos.debug:id/base_primary_button'],PurchaseResult,EmailReceipt,click,,
PurchaseResultResultText,//android.widget.TextView[@resource-id='com.mobeewave.pep.mpos.debug:id/history_details_transaction_status'],PurchaseResult,ResultText,view,,
PurchaseResultProcessTitle,//android.widget.TextView[@resource-id='com.mobeewave.pep.mpos.debug:id/toolbar_title'],PurchaseResult,ProcessTitle,view,,
PurchaseResultIcon,//android.widget.ImageView[@resource-id='com.mobeewave.pep.mpos.debug:id/receipt_image'],PurchaseResult,Icon,view,,
PurchaseResultAmount,//android.widget.TextView[@resource-id='com.mobeewave.pep.mpos.debug:id/history_details_amount'],PurchaseResult,Amount,view,,
PurchaseResultMerchantName,//android.widget.TextView[@resource-id='com.mobeewave.pep.mpos.debug:id/history_details_merchant_name'],PurchaseResult,MerchantName,view,,
PurchaseResultVoid,//android.widget.ImageView[@resource-id='com.mobeewave.pep.mpos.debug:id/toolbar_void_button'],PurchaseResult,Void,click,,
PurchaseResultDescription,//android.widget.TextView[@resource-id='com.mobeewave.pep.mpos.debug:id/history_details_description'],PurchaseResult,Description,,,
UpdateRequiredProcessTitle,//android.widget.TextView[@resource-id='com.mobeewave.pep.mpos.debug:id/toolbar_title'],UpdateRequired,ProcessTitle,view,yes,Update Required
UpdateRequiredImage,//android.widget.ImageView[@resource-id='com.mobeewave.pep.mpos.debug:id/imageView2'],UpdateRequired,Image,view,,
UpdateRequiredTitle,//android.widget.TextView[@text='Payment Kernel Update'],UpdateRequired,Title,view,,
UpdateRequiredTextBody,//android.widget.TextView[@resource-id='com.mobeewave.pep.mpos.debug:id/payment_acceptance_setup_text'],UpdateRequired,TextBody,view,,
UpdateRequiredDoItLater,//android.widget.Button[@text='DO IT LATER'],UpdateRequired,DoItLater,click,,
UpdateRequiredUpdatenow,//android.widget.Button[@text='UPDATE NOW'],UpdateRequired,Updatenow,click,,
ConnectionErrorDuringProvisionImage,//android.widget.ImageView[@resource-id='com.mobeewave.pep.mpos.debug:id/provisioned_image'],ConnectionErrorDuringProvision,Image,view,,
ConnectionErrorDuringProvisionTitle,//android.widget.TextView[@resource-id='com.mobeewave.pep.mpos.debug:id/provisioned_header'],ConnectionErrorDuringProvision,Title,view,yes,Connection Error
ConnectionErrorDuringProvisionTextBody,//android.widget.TextView[@resource-id='com.mobeewave.pep.mpos.debug:id/provisioned_body'],ConnectionErrorDuringProvision,TextBody,view,,
ConnectionErrorDuringProvisionDoItLater,//android.widget.Button[@text='Do it later'],ConnectionErrorDuringProvision,DoItLater,click,,
ConnectionErrorDuringProvisionTryAgain,//android.widget.Button[@text='Try again'],ConnectionErrorDuringProvision,TryAgain,click,,
PleaseRestartYourPhoneTitle,//android.widget.TextView[@resource-id='com.mobeewave.pep.mpos.debug:id/popup_header'],PleaseRestartYourPhone,Title,view,yes,Please restart your phone.
PleaseRestartYourPhoneTextBody,//android.widget.TextView[@resource-id='com.mobeewave.pep.mpos.debug:id/popup_text'],PleaseRestartYourPhone,TextBody,view,,
PleaseRestartYourPhoneGotIt,//android.widget.Button[@text='Got it'],PleaseRestartYourPhone,GotIt,click,,
UpdatingSecureElementProcessTitle,//android.widget.TextView[@resource-id='com.mobeewave.pep.mpos.debug:id/toolbar_title'],UpdatingSecureElement,ProcessTitle,view,,
UpdatingSecureElementTitle,//android.widget.TextView[@resource-id='com.mobeewave.pep.mpos.debug:id/payment_acceptance_setup_header'],UpdatingSecureElement,Title,view,yes,Updating Secure Element
UpdatingSecureElementTextBody,//android.widget.TextView[@resource-id='com.mobeewave.pep.mpos.debug:id/payment_acceptance_setup_text'],UpdatingSecureElement,TextBody,view,,
UpdatingSecureElementProgressBarText,//android.widget.TextView[@resource-id='com.mobeewave.pep.mpos.debug:id/progress_bar_installing'],UpdatingSecureElement,ProgressBarText,view,,
UpdatingSecureElementProgressBarValue,//android.widget.TextView[@resource-id='com.mobeewave.pep.mpos.debug:id/progress_bar_text'],UpdatingSecureElement,ProgressBarValue,view,,
UpdatingSecureElementProgressBarBackground,//android.widget.LinearLayout[@resource-id='com.mobeewave.pep.mpos.debug:id/progress_bar_background'],UpdatingSecureElement,ProgressBarBackground,view,,
UpdatingSecureElementProgressBarForeground,//android.widget.LinearLayout[@resource-id='com.mobeewave.pep.mpos.debug:id/progress_bar_fore'],UpdatingSecureElement,ProgressBarForeground,view,,
TermsAndConditionsTitle,//android.widget.TextView[@resource-id='com.mobeewave.pep.mpos.debug:id/toolbar_title'],TermsAndConditions,Title,view,yes,Terms and Conditions
TermsAndConditionsTextBody,,TermsAndConditions,TextBody,view,,
TermsAndConditionsSideMenu,//android.widget.TextView[@resource-id='com.mobeewave.pep.mpos.debug:id/toolbar_title']/../android.widget.ImageButton[@index=0],TermsAndConditions,SideMenu,click,,
ContactUsProcessTitle,//android.widget.TextView[@resource-id='com.mobeewave.pep.mpos.debug:id/toolbar_title'],ContactUs,ProcessTitle,view,yes,Contact us
ContactUsTitle,//android.widget.TextView[@resource-id='com.mobeewave.pep.mpos.debug:id/fragment_header'],ContactUs,Title,view,,
ContactUsTextBody,//android.widget.TextView[@resource-id='com.mobeewave.pep.mpos.debug:id/fragment_body'],ContactUs,TextBody,view,,
ContactUsCallnowButton,//android.widget.Button[@text='Call now. 1800 230 177'],ContactUs,CallnowButton,click,,
ContactUsSideMenu,//android.widget.TextView[@resource-id='com.mobeewave.pep.mpos.debug:id/toolbar_title']/../android.widget.ImageButton[@index=0],ContactUs,SideMenu,click,,
UserManagementSideMenu,//android.widget.TextView[@resource-id='com.mobeewave.pep.mpos.debug:id/toolbar_title']/../android.widget.ImageButton[@index=0],UserManagement,SideMenu,click,,
UserManagementProcessTitle,//android.widget.TextView[@resource-id='com.mobeewave.pep.mpos.debug:id/toolbar_title'],UserManagement,ProcessTitle,view,yes,User management
UserManagementTitle,//android.widget.TextView[@resource-id='com.mobeewave.pep.mpos.debug:id/user_management_title'],UserManagement,Title,view,,
UserManagementFirstUser,//android.support.v7.widget.RecyclerView[@resource-id='com.mobeewave.pep.mpos.debug:id/user_recycler']/android.widget.LinearLayout[@index=0],UserManagement,FirstUser,click,,
UserManagementFirstUserLetter,//android.support.v7.widget.RecyclerView[@resource-id='com.mobeewave.pep.mpos.debug:id/user_recycler']/android.widget.LinearLayout[@index=0]/android.widget.ImageView[@index=0],UserManagement,FirstUserLetter,view,,
UserManagementFirstUserName,//android.support.v7.widget.RecyclerView[@resource-id='com.mobeewave.pep.mpos.debug:id/user_recycler']/android.widget.LinearLayout[@index=0]/android.widget.RelativeLayout[@index=1]/android.widget.TextView[@resource-id='com.mobeewave.pep.mpos.debug:id/user_account_name'],UserManagement,FirstUserName,view,,
UserManagementAddUser,//android.widget.Button[@text='Add user'],UserManagement,AddUser,click,,
EditUserProcessTitle,//android.widget.TextView[@resource-id='com.mobeewave.pep.mpos.debug:id/toolbar_title'],EditUser,ProcessTitle,view,yes,Edit user
EditUserCancel,//android.widget.ImageView[@resource-id='com.mobeewave.pep.mpos.debug:id/toolbar_close_button'],EditUser,Cancel,click,,
EditUserOK,//android.widget.ImageView[@resource-id='com.mobeewave.pep.mpos.debug:id/toolbar_save_button'],EditUser,OK,click,,
EditUserName,//android.widget.EditText[@resource-id='com.mobeewave.pep.mpos.debug:id/name'],EditUser,Name,text input,,
EditUserEmail,//android.widget.EditText[@resource-id='com.mobeewave.pep.mpos.debug:id/email'],EditUser,Email,text input,,
EditUserPermissionsText,//android.widget.TextView[@text='Permissions'],EditUser,PermissionsText,view,,
EditUserPermissionsValue,//android.widget.TextView[@resource-id='com.mobeewave.pep.mpos.debug:id/spinner'],EditUser,PermissionsValue,click,,
EditUserPermissionBody,//android.widget.TextView[@resource-id='com.mobeewave.pep.mpos.debug:id/description'],EditUser,PermissionBody,view,,
EditUserReceiptImage,//android.widget.ImageView[@resource-id='com.mobeewave.pep.mpos.debug:id/receipt_image'],EditUser,ReceiptImage,view,,
EditUserReceiveMerchantReceiptsText,//android.widget.TextView[@resource-id='com.mobeewave.pep.mpos.debug:id/receipttextView'],EditUser,ReceiveMerchantReceiptsText,view,,
EditUserReceiveMerchantReceiptsValue,//android.widget.Switch[@resource-id='com.mobeewave.pep.mpos.debug:id/receipts_toggle'],EditUser,ReceiveMerchantReceiptsValue,click,,
EditUserDelete,//android.widget.Button[@text='Delete'],EditUser,Delete,click,,
EditUserResetPIN,//android.widget.Button[@text='Reset PIN'],EditUser,ResetPIN,click,,
DeleteUserConfirmationTitle,//android.widget.TextView[@resource-id='com.mobeewave.pep.mpos.debug:id/popup_header'],DeleteUserConfirmation,Title,view,yes,Delete user?
DeleteUserConfirmationTextBody,//android.widget.TextView[@resource-id='com.mobeewave.pep.mpos.debug:id/popup_text'],DeleteUserConfirmation,TextBody,view,,
DeleteUserConfirmationCancel,//android.widget.Button[@text='Cancel'],DeleteUserConfirmation,Cancel,click,,
DeleteUserConfirmationDelete,//android.widget.Button[@text='Delete'],DeleteUserConfirmation,Delete,click,,
AddNewUserProcessTitle,//android.widget.TextView[@resource-id='com.mobeewave.pep.mpos.debug:id/toolbar_title'],AddNewUser,ProcessTitle,view,yes,Add New user
AddNewUserCancel,//android.widget.ImageView[@resource-id='com.mobeewave.pep.mpos.debug:id/toolbar_close_button'],AddNewUser,Cancel,click,,
AddNewUserName,//android.widget.EditText[@resource-id='com.mobeewave.pep.mpos.debug:id/name'],AddNewUser,Name,text input,,
AddNewUserEmail,//android.widget.EditText[@resource-id='com.mobeewave.pep.mpos.debug:id/email'],AddNewUser,Email,text input,,
AddNewUserPermissionsText,//android.widget.TextView[@text='Permissions'],AddNewUser,PermissionsText,view,,
AddNewUserPermissionsValue,//android.widget.TextView[@resource-id='com.mobeewave.pep.mpos.debug:id/spinner'],AddNewUser,PermissionsValue,click,,
AddNewUserPermissionBody,//android.widget.TextView[@resource-id='com.mobeewave.pep.mpos.debug:id/description'],AddNewUser,PermissionBody,view,,
AddNewUserReceiptImage,//android.widget.ImageView[@resource-id='com.mobeewave.pep.mpos.debug:id/receipt_image'],AddNewUser,ReceiptImage,view,,
AddNewUserReceiveMerchantReceiptsText,//android.widget.TextView[@resource-id='com.mobeewave.pep.mpos.debug:id/receipttextView'],AddNewUser,ReceiveMerchantReceiptsText,view,,
AddNewUserReceiveMerchantReceiptsValue,//android.widget.Switch[@resource-id='com.mobeewave.pep.mpos.debug:id/receipts_toggle'],AddNewUser,ReceiveMerchantReceiptsValue,click,,
AddNewUserNext,//android.widget.Button[@text='Next'],AddNewUser,Next,click,,
UserCreatedTitle,//android.widget.TextView[@resource-id='com.mobeewave.pep.mpos.debug:id/popup_header'],UserCreated,Title,view,yes,User created
UserCreatedTextBody,//android.widget.TextView[@resource-id='com.mobeewave.pep.mpos.debug:id/popup_text'],UserCreated,TextBody,view,,
UserCreatedDone,//android.widget.Button[@text='Done'],UserCreated,Done,click,,
TransactionReportsEmailReport,//android.widget.Button[@text='Email report'],TransactionReports,EmailReport,click,,
TransactionReportsSideMenu,//android.widget.TextView[@resource-id='com.mobeewave.pep.mpos.debug:id/toolbar_title']/../android.widget.ImageButton[@index=0],TransactionReports,SideMenu,click,,
TransactionReportsProcessTitle,//android.widget.TextView[@resource-id='com.mobeewave.pep.mpos.debug:id/toolbar_title'],TransactionReports,ProcessTitle,view,yes,Transaction reports
TransactionReportsTitle,//android.widget.TextView[@text='Report criteria'],TransactionReports,Title,view,,
TransactionReportsDateRangeText,//android.widget.TextView[@text='Date range'],TransactionReports,DateRangeText,view,,
TransactionReportsFromDateValue,//android.widget.TextView[@resource-id='com.mobeewave.pep.mpos.debug:id/from_date'],TransactionReports,FromDateValue,click,,
TransactionReportsFromTimeValue,//android.widget.TextView[@resource-id='com.mobeewave.pep.mpos.debug:id/from_time'],TransactionReports,FromTimeValue,click,,
TransactionReportsToDateValue,//android.widget.TextView[@resource-id='com.mobeewave.pep.mpos.debug:id/to_date'],TransactionReports,ToDateValue,click,,
TransactionReportsToTimeValue,//android.widget.TextView[@resource-id='com.mobeewave.pep.mpos.debug:id/to_time'],TransactionReports,ToTimeValue,click,,
TransactionReportsFromDateImage,,TransactionReports,FromDateImage,view,,
TransactionReportsFromTimeImage,,TransactionReports,FromTimeImage,view,,
TransactionReportsToDateImage,,TransactionReports,ToDateImage,view,,
TransactionReportsToTimeImage,,TransactionReports,ToTimeImage,view,,
TransactionReportsEmailText,//android.widget.TextView[@text='Send report to'],TransactionReports,EmailText,,,
TransactionReportsEmailValue,//android.widget.EditText[@resource-id='com.mobeewave.pep.mpos.debug:id/report_email_field'],TransactionReports,EmailValue,text input,,
TransactionHistorySideMenu,//android.widget.TextView[@resource-id='com.mobeewave.pep.mpos.debug:id/toolbar_title']/../android.widget.ImageButton[@index=0],TransactionHistory,SideMenu,click,,
TransactionHistoryProcessTitle,//android.widget.TextView[@resource-id='com.mobeewave.pep.mpos.debug:id/toolbar_title'],TransactionHistory,ProcessTitle,view,yes,Transaction History
TransactionHistorySearch,//android.widget.TextView[@resource-id='com.mobeewave.pep.mpos.debug:id/action_search'],TransactionHistory,Search,click,,
TransactionHistoryDailyTitle,//android.widget.TextView[@resource-id='com.mobeewave.pep.mpos.debug:id/transaction_header_date'],TransactionHistory,DailyTitle,view,,
TransactionHistoryTransactionAmount,//android.widget.TextView[@resource-id='com.mobeewave.pep.mpos.debug:id/transaction_amount'],TransactionHistory,TransactionAmount,view,,
TransactionHistoryTransactionTime,//android.widget.TextView[@resource-id='com.mobeewave.pep.mpos.debug:id/transaction_date'],TransactionHistory,TransactionTime,view,,
TransactionHistoryTransactionCard,//android.widget.TextView[@resource-id='com.mobeewave.pep.mpos.debug:id/transaction_card_details'],TransactionHistory,TransactionCard,view,,
TransactionHistoryFailImage,//android.widget.ImageView[@resource-id='com.mobeewave.pep.mpos.debug:id/transaction_status'],TransactionHistory,FailImage,view,,
TransactionHistoryFirstTransaction,//android.support.v7.widget.RecyclerView[@resource-id='com.mobeewave.pep.mpos.debug:id/history_recycler']/android.widget.LinearLayout[@index=1],TransactionHistory,FirstTransaction,click,,
TransactionHistorySecondTransaction,//android.support.v7.widget.RecyclerView[@resource-id='com.mobeewave.pep.mpos.debug:id/history_recycler']/android.widget.LinearLayout[@index=2],TransactionHistory,SecondTransaction,click,,
NewTagScannedTitle,//android.widget.TextView[@text='NEW TAG SCANNED'],NewTagScanned,Title,view,yes,NEW TAG SCANNED
AllAppListingCBADebug,//android.widget.FrameLayout[@content-desc='CBA debug'],AllAppListing,CBADebug,click,,
PurchaseSideMenu,//android.view.ViewGroup[@resource-id='com.mobeewave.pep.mpos.debug:id/toolbar']/android.widget.ImageButton[@index=0],Purchase,SideMenu,view,,
PurchaseTitle,//android.widget.TextView[@resource-id='com.mobeewave.pep.mpos.debug:id/lock_header'],Purchase,Title,view,yes,Enter Amount
PurchaseAmount,//android.widget.TextView[@resource-id='com.mobeewave.pep.mpos.debug:id/amount_label_amount'],Purchase,Amount,view,,
Purchase1,//android.widget.Button[@resource-id='com.mobeewave.pep.mpos.debug:id/numpad_button_1'],Purchase,1,click,,
Purchase2,//android.widget.Button[@resource-id='com.mobeewave.pep.mpos.debug:id/numpad_button_2'],Purchase,2,click,,
Purchase3,//android.widget.Button[@resource-id='com.mobeewave.pep.mpos.debug:id/numpad_button_3'],Purchase,3,click,,
Purchase4,//android.widget.Button[@resource-id='com.mobeewave.pep.mpos.debug:id/numpad_button_4'],Purchase,4,click,,
Purchase5,//android.widget.Button[@resource-id='com.mobeewave.pep.mpos.debug:id/numpad_button_5'],Purchase,5,click,,
Purchase6,//android.widget.Button[@resource-id='com.mobeewave.pep.mpos.debug:id/numpad_button_6'],Purchase,6,click,,
Purchase7,//android.widget.Button[@resource-id='com.mobeewave.pep.mpos.debug:id/numpad_button_7'],Purchase,7,click,,
Purchase8,//android.widget.Button[@resource-id='com.mobeewave.pep.mpos.debug:id/numpad_button_8'],Purchase,8,click,,
Purchase9,//android.widget.Button[@resource-id='com.mobeewave.pep.mpos.debug:id/numpad_button_9'],Purchase,9,click,,
PurchaseDelete,//android.widget.Button[@resource-id='com.mobeewave.pep.mpos.debug:id/numpad_button_delete'],Purchase,Delete,click,,
Purchase0,//android.widget.Button[@resource-id='com.mobeewave.pep.mpos.debug:id/numpad_button_0'],Purchase,0,click,,
PurchaseOK,//android.widget.LinearLayout[@resource-id='com.mobeewave.pep.mpos.debug:id/numpad_button_ok'],Purchase,OK,click,,
PurchaseProcessTitle,//android.widget.TextView[@resource-id='com.mobeewave.pep.mpos.debug:id/toolbar_title'],Purchase,ProcessTitle,view,,
TapToPayTitle,//android.widget.TextView[@resource-id='com.mobeewave.pep.mpos.debug:id/tap_card_title'],TapToPay,Title,view,yes,Time to Tap
TapToPayProcessTitle,//android.widget.TextView[@resource-id='com.mobeewave.pep.mpos.debug:id/toolbar_title'],TapToPay,ProcessTitle,view,,
TapToPayCancel,//android.widget.ImageView[@resource-id='com.mobeewave.pep.mpos.debug:id/toolbar_tap_cancel'],TapToPay,Cancel,click,,
TapToPayPurchaseAmount,//android.widget.TextView[@resource-id='com.mobeewave.pep.mpos.debug:id/tap_card_amount_label'],TapToPay,PurchaseAmount,view,,
TapToPayTextBody,//android.widget.TextView[@resource-id='com.mobeewave.pep.mpos.debug:id/tap_card_text'],TapToPay,TextBody,view,,
CardNotSupportedTitle,//android.widget.TextView[@text='Card not supported'],CardNotSupported,Title,view,yes,Card not supported
EmailReceiptForPurchaseTitle,//android.widget.TextView[@resource-id='com.mobeewave.pep.mpos.debug:id/popup_header'],EmailReceiptForPurchase,Title,view,yes,Email Receipt (Optional)
EmailReceiptForPurchaseEmail,//android.widget.EditText[@resource-id='com.mobeewave.pep.mpos.debug:id/popup_email_email_field'],EmailReceiptForPurchase,Email,inputText,,
EmailReceiptForPurchaseRememberEmailCheckBox,//android.widget.CheckBox[@resource-id='com.mobeewave.pep.mpos.debug:id/popup_receipt_remember_checkbox'],EmailReceiptForPurchase,RememberEmailCheckBox,click,,
EmailReceiptForPurchaseRememberEmailText,//android.widget.TextView[@text='Remember my email'],EmailReceiptForPurchase,RememberEmailText,view,,
EmailReceiptForPurchaseSkip,//android.widget.Button[@text='SKIP'],EmailReceiptForPurchase,Skip,click,,
EmailReceiptForPurchaseNext,//android.widget.Button[@text='NEXT'],EmailReceiptForPurchase,Next,click,,
ReceiptSentConfirmationTitle,//android.widget.TextView[@resource-id='com.mobeewave.pep.mpos.debug:id/popup_header'],ReceiptSentConfirmation,Title,view,yes,Receipt Sent!
ReceiptSentConfirmationTextBody,//android.widget.TextView[@resource-id='com.mobeewave.pep.mpos.debug:id/popup_text'],ReceiptSentConfirmation,TextBody,view,,
ReceiptSentConfirmationDone,//android.widget.Button[@text='DONE'],ReceiptSentConfirmation,Done,click,,
ProcessingPaymentTitle,//android.widget.TextView[@resource-id='com.mobeewave.pep.mpos.debug:id/transaction_progress_header'],ProcessingPayment,Title,view,yes,Processing
ProcessingPaymentProgressBar,//android.widget.ProgressBar[@resource-id='com.mobeewave.pep.mpos.debug:id/progress_bar'],ProcessingPayment,ProgressBar,view,,
ProcessingPaymentProcessTitle,//android.widget.TextView[@resource-id='com.mobeewave.pep.mpos.debug:id/toolbar_title'],ProcessingPayment,ProcessTitle,view,,
ProcessingPaymentPurchaseAmount,//android.widget.TextView[@resource-id='com.mobeewave.pep.mpos.debug:id/transaction_progress_amount'],ProcessingPayment,PurchaseAmount,view,,
PurchaseNotCompletedTitle,//android.widget.TextView[@text='Purchase not complete'],PurchaseNotCompleted,Title,view,yes,Purchase not complete
PurchaseNotCompletedDone,//android.widget.Button[@text='Done'],PurchaseNotCompleted,Done,click,,
SetTipDuringPurchaseTitle,//android.widget.TextView[@text='Add Tip'],SetTipDuringPurchase,Title,view,yes,Add Tip
SetTipDuringPurchasePay,//android.widget.Button[@text='PAY'],SetTipDuringPurchase,Pay,click,,
SetTipDuringPurchaseCustomTip,//android.widget.Button[@text='CUSTOM TIP'],SetTipDuringPurchase,CustomTip,click,,
SetTipDuringPurchaseCancelTransaction,//android.widget.ImageView[@resource-id='com.mobeewave.pep.mpos.debug:id/toolbar_cancel_button'],SetTipDuringPurchase,CancelTransaction,click,,
SetTipDuringPurchaseProcessTitle,//android.widget.TextView[@resource-id='com.mobeewave.pep.mpos.debug:id/toolbar_title'],SetTipDuringPurchase,ProcessTitle,view,,
SetTipDuringPurchaseTipAmount,//android.widget.TextView[@resource-id='com.mobeewave.pep.mpos.debug:id/tip_title'],SetTipDuringPurchase,TipAmount,view,,
SetTipDuringPurchaseTotalPurchaseAmount,//android.widget.TextView[@resource-id='com.mobeewave.pep.mpos.debug:id/tip_label_tip'],SetTipDuringPurchase,TotalPurchaseAmount,view,,
SetTipDuringPurchaseFirstDefaultTipValue,//android.widget.ToggleButton[@resource-id='com.mobeewave.pep.mpos.debug:id/tip_radio_1'],SetTipDuringPurchase,FirstDefaultTipValue,click,,
SetTipDuringPurchaseSecondDefaultTipValue,//android.widget.ToggleButton[@resource-id='com.mobeewave.pep.mpos.debug:id/tip_radio_2'],SetTipDuringPurchase,SecondDefaultTipValue,click,,
SetTipDuringPurchaseThirdDefaultTipValue,//android.widget.ToggleButton[@resource-id='com.mobeewave.pep.mpos.debug:id/tip_radio_3'],SetTipDuringPurchase,ThirdDefaultTipValue,click,,
AddTipProcessTitle,//android.widget.TextView[@resource-id='com.mobeewave.pep.mpos.debug:id/toolbar_title'],AddTip,ProcessTitle,view,yes,Add Custom Tip
AddTipBack,//android.widget.TextView[@resource-id='com.mobeewave.pep.mpos.debug:id/toolbar_back_button'],AddTip,Back,click,,
AddTipTipAmount,//android.widget.TextView[@resource-id='com.mobeewave.pep.mpos.debug:id/description_label_amount'],AddTip,TipAmount,view,,
AddTipTotalPurchaseAmount,//android.widget.TextView[@resource-id='com.mobeewave.pep.mpos.debug:id/custom_tip_label'],AddTip,TotalPurchaseAmount,view,,
AddTipTip$,//android.widget.TextView[@text='Tip $'],AddTip,Tip$,click,,
AddTipTip%,//android.widget.TextView[@text='Tip %'],AddTip,Tip%,click,,
AddTipTipTotalAmount,//android.widget.TextView[@text='TOTAL AMOUNT'],AddTip,TipTotalAmount,click,,
AddTipTitle,//android.widget.TextView[@resource-id='com.mobeewave.pep.mpos.debug:id/custom_tip_header'],AddTip,Title,view,,
CreateNewPasswordProcessTitle,//android.widget.TextView[@resource-id='com.mobeewave.pep.mpos.debug:id/toolbar_title'],CreateNewPassword,ProcessTitle,view,,
CreateNewPasswordDescription,//android.widget.TextView[@resource-id='com.mobeewave.pep.mpos.debug:id/sign_up_password_background_text'],CreateNewPassword,Description,view,yes,Change your temporary password
CreateNewPasswordTitle,//android.widget.TextView[@resource-id='com.mobeewave.pep.mpos.debug:id/lock_header'],CreateNewPassword,Title,view,,
CreateNewPasswordEnterPassword,//android.widget.EditText[@resource-id='com.mobeewave.pep.mpos.debug:id/sign_up_password'],CreateNewPassword,EnterPassword,inputText,,
CreateNewPasswordVerifyPassword,//android.widget.EditText[@resource-id='com.mobeewave.pep.mpos.debug:id/verify_password'],CreateNewPassword,VerifyPassword,inputText,,
CreateNewPasswordEnterPasswordVisibilityToggle,//android.widget.EditText[@resource-id='com.mobeewave.pep.mpos.debug:id/sign_up_password']/../android.widget.ImageButton[@resource-id='com.mobeewave.pep.mpos.debug:id/text_input_password_toggle'],CreateNewPassword,EnterPasswordVisibilityToggle,click,,
CreateNewPasswordVerifyPasswordVisibilityToggle,//android.widget.EditText[@resource-id='com.mobeewave.pep.mpos.debug:id/verify_password']/../android.widget.ImageButton[@resource-id='com.mobeewave.pep.mpos.debug:id/text_input_password_toggle'],CreateNewPassword,VerifyPasswordVisibilityToggle,click,,
CreateNewPasswordContinue,//android.widget.Button[@text='Continue'],CreateNewPassword,Continue,click,,
EnterNewPINTitle,//android.widget.TextView[@resource-id='com.mobeewave.pep.mpos.debug:id/lock_header'],EnterNewPIN,Title,view,yes,Enter new PIN
EnterNewPINProcessTitle,//android.widget.TextView[@resource-id='com.mobeewave.pep.mpos.debug:id/toolbar_title'],EnterNewPIN,ProcessTitle,view,,
EnterNewPINTextBody,//android.widget.TextView[@resource-id='com.mobeewave.pep.mpos.debug:id/lock_text'],EnterNewPIN,TextBody,view,,
ConfirmNewPINProcessTitle,//android.widget.TextView[@resource-id='com.mobeewave.pep.mpos.debug:id/toolbar_title'],ConfirmNewPIN,ProcessTitle,view,,
ConfirmNewPINTextBody,//android.widget.TextView[@resource-id='com.mobeewave.pep.mpos.debug:id/lock_text'],ConfirmNewPIN,TextBody,view,,
ConfirmNewPINBack,//android.widget.ImageView[@resource-id='com.mobeewave.pep.mpos.debug:id/toolbar_back_button'],ConfirmNewPIN,Back,click,,
ConfirmNewPINTitle,//android.widget.TextView[@resource-id='com.mobeewave.pep.mpos.debug:id/lock_header'],ConfirmNewPIN,Title,view,yes,Confirm new PIN
CancelTransactionTitle,//android.widget.TextView[@resource-id='com.mobeewave.pep.mpos.debug:id/popup_header'],CancelTransaction,Title,view,yes,Stop Transaction
CancelTransactionTextBody,//android.widget.TextView[@resource-id='com.mobeewave.pep.mpos.debug:id/popup_text'],CancelTransaction,TextBody,view,,
CancelTransactionContinue,//android.widget.Button[@resource-id='com.mobeewave.pep.mpos.debug:id/base_secondary_button'],CancelTransaction,Continue,click,,
CancelTransactionStop,//android.widget.Button[@resource-id='com.mobeewave.pep.mpos.debug:id/base_primary_button'],CancelTransaction,Stop,click,,
CancelTransactionEnterPINProcessTitle,//android.widget.TextView[@resource-id='com.mobeewave.pep.mpos.debug:id/toolbar_title'],CancelTransactionEnterPIN,ProcessTitle,view,,
CancelTransactionEnterPINBack,//android.widget.ImageView[@resource-id='com.mobeewave.pep.mpos.debug:id/toolbar_back_button'],CancelTransactionEnterPIN,Back,click,,
CancelTransactionEnterPINPINBackGround,//android.widget.TextView[@resource-id='com.mobeewave.pep.mpos.debug:id/lock_pin_bg'],CancelTransactionEnterPIN,PINBackGround,view,,
CancelTransactionEnterPINTextBody,//android.widget.TextView[@resource-id='com.mobeewave.pep.mpos.debug:id/lock_text'],CancelTransactionEnterPIN,TextBody,view,,
CancelTransactionEnterPINTitle,//android.widget.TextView[@resource-id='com.mobeewave.pep.mpos.debug:id/lock_header'],CancelTransactionEnterPIN,Title,view,,
PurchaseTimedOutProcessTitle,//android.widget.TextView[@resource-id='com.mobeewave.pep.mpos.debug:id/toolbar_title'],PurchaseTimedOut,ProcessTitle,view,,
PurchaseTimedOutIcon,//android.widget.ImageView[@resource-id='com.mobeewave.pep.mpos.debug:id/timeout_image'],PurchaseTimedOut,Icon,view,,
PurchaseTimedOutTitle,//android.widget.TextView[@resource-id='com.mobeewave.pep.mpos.debug:id/tap_card_title'],PurchaseTimedOut,Title,view,yes,Transaction timed out
PurchaseTimedOutTextBody,//android.widget.TextView[@resource-id='com.mobeewave.pep.mpos.debug:id/tap_card_text'],PurchaseTimedOut,TextBody,view,,
PurchaseTimedOutRetry,//android.widget.Button[@resource-id='com.mobeewave.pep.mpos.debug:id/tap_card_try_again'],PurchaseTimedOut,Retry,click,,
PurchaseTimedOutBack,//android.widget.ImageView[@resource-id='com.mobeewave.pep.mpos.debug:id/toolbar_tap_cancel'],PurchaseTimedOut,Back,click,,
TransactionSearchBack,//android.widget.ImageView[@resource-id='com.mobeewave.pep.mpos.debug:id/toolbar_back_button'],TransactionSearch,Back,click,,
TransactionSearchProcessTitle,//android.widget.TextView[@resource-id='com.mobeewave.pep.mpos.debug:id/toolbar_title'],TransactionSearch,ProcessTitle,view,yes,Search
TransactionSearchCriteria,//android.widget.TextView[@text='Criteria'],TransactionSearch,Criteria,view,,
TransactionSearchDateRangeText,//android.widget.FrameLayout[@resource-id='com.mobeewave.pep.mpos.debug:id/keypad_cardview']/android.widget.ScrollView[@index=1]/android.widget.LinearLayout[@index=0]/android.widget.TextView[@index=0],TransactionSearch,DateRangeText,view,,
TransactionSearchFromDateValue,//android.widget.TextView[@resource-id='com.mobeewave.pep.mpos.debug:id/from_date'],TransactionSearch,FromDateValue,click,,
TransactionSearchToDateValue,//android.widget.TextView[@resource-id='com.mobeewave.pep.mpos.debug:id/to_date'],TransactionSearch,ToDateValue,click,,
TransactionSearchFromDateImage,//android.widget.FrameLayout[@resource-id='com.mobeewave.pep.mpos.debug:id/keypad_cardview']/android.widget.ScrollView[@index=1]/android.widget.LinearLayout[@index=1]/android.widget.RelativeLayout[@index=0]/android.widget.ImageView[@index=1],TransactionSearch,FromDateImage,view,,
TransactionSearchToDateImage,//android.widget.FrameLayout[@resource-id='com.mobeewave.pep.mpos.debug:id/keypad_cardview']/android.widget.ScrollView[@index=1]/android.widget.LinearLayout[@index=1]/android.widget.RelativeLayout[@index=1]/android.widget.ImageView[@index=1],TransactionSearch,ToDateImage,view,,
TransactionSearchTransactionTypeText,//android.widget.FrameLayout[@resource-id='com.mobeewave.pep.mpos.debug:id/keypad_cardview']/android.widget.ScrollView[@index=1]/android.widget.LinearLayout[@index=0]/android.widget.TextView[@index=3],TransactionSearch,TransactionTypeText,view,,
TransactionSearchPurchaseCheckBox,//android.widget.CheckBox[@resource-id='com.mobeewave.pep.mpos.debug:id/purchase_type'],TransactionSearch,PurchaseCheckBox,click,,
TransactionSearchVoidCheckBox,//android.widget.CheckBox[@resource-id='com.mobeewave.pep.mpos.debug:id/void_type'],TransactionSearch,VoidCheckBox,click,,
TransactionSearchRefundCheckBox,//android.widget.CheckBox[@resource-id='com.mobeewave.pep.mpos.debug:id/refund_type'],TransactionSearch,RefundCheckBox,click,,
TransactionSearchCardNumberText,//android.widget.FrameLayout[@resource-id='com.mobeewave.pep.mpos.debug:id/keypad_cardview']/android.widget.ScrollView[@index=1]/android.widget.LinearLayout[@index=0]/android.widget.TextView[@index=5],TransactionSearch,CardNumberText,view,,
TransactionSearchCardNumberValue,//android.widget.EditText[@resource-id='com.mobeewave.pep.mpos.debug:id/card_number'],TransactionSearch,CardNumberValue,inputText,,
TransactionSearchSearch,//android.widget.Button[@resource-id='com.mobeewave.pep.mpos.debug:id/base_primary_button'],TransactionSearch,Search,click,,
TransactionDetailsBack,//android.widget.ImageView[@resource-id='com.mobeewave.pep.mpos.debug:id/toolbar_void_button'],TransactionDetails,Back,click,,
TransactionDetailsProcessTitle,//android.widget.TextView[@resource-id='com.mobeewave.pep.mpos.debug:id/toolbar_title'],TransactionDetails,ProcessTitle,view,yes,Transaction Details
TransactionDetailsDescription,//android.widget.TextView[@resource-id='com.mobeewave.pep.mpos.debug:id/history_details_description'],TransactionDetails,Description,,,
TransactionDetailsTitle,//android.widget.TextView[@resource-id='com.mobeewave.pep.mpos.debug:id/history_details_transaction_status'],TransactionDetails,Title,view,,
TransactionDetailsAmount,//android.widget.TextView[@resource-id='com.mobeewave.pep.mpos.debug:id/history_details_amount'],TransactionDetails,Amount,view,,
TransactionDetailsMerchantName,//android.widget.TextView[@resource-id='com.mobeewave.pep.mpos.debug:id/history_details_merchant_name'],TransactionDetails,MerchantName,view,,
TransactionDetailsEmailReceipt,//android.widget.Button[@resource-id='com.mobeewave.pep.mpos.debug:id/base_secondary_button'],TransactionDetails,EmailReceipt,click,,
TransactionDetailsVoid,//android.widget.Button[@resource-id='com.mobeewave.pep.mpos.debug:id/base_primary_button'],TransactionDetails,Void,click,,
AccountLockedBack,//android.widget.ImageView[@resource-id='com.mobeewave.pep.mpos.debug:id/toolbar_back_button'],AccountLocked,Back,click,,
AccountLockedProcessTitle,//android.widget.TextView[@resource-id='com.mobeewave.pep.mpos.debug:id/toolbar_title'],AccountLocked,ProcessTitle,view,,
AccountLockedTitle,//android.widget.TextView[@resource-id='com.mobeewave.pep.mpos.debug:id/lock_header'],AccountLocked,Title,view,yes,Administrator account locked
AccountLockedTextBody,//android.widget.TextView[@resource-id='com.mobeewave.pep.mpos.debug:id/base_lock_text'],AccountLocked,TextBody,view,,
AccountLockedResetPIN,//android.widget.Button[@resource-id='com.mobeewave.pep.mpos.debug:id/base_primary_button'],AccountLocked,ResetPIN,click,,
ForgotPINTitle,//android.widget.TextView[@resource-id='com.mobeewave.pep.mpos.debug:id/popup_header'],ForgotPIN,Title,view,yes,Forgot PIN
ForgotPINTextBody,//android.widget.TextView[@resource-id='com.mobeewave.pep.mpos.debug:id/popup_text'],ForgotPIN,TextBody,view,,
ForgotPINCancel,//android.widget.Button[@resource-id='com.mobeewave.pep.mpos.debug:id/base_secondary_button'],ForgotPIN,Cancel,click,,
ForgotPINResetPIN,//android.widget.Button[@resource-id='com.mobeewave.pep.mpos.debug:id/base_primary_button'],ForgotPIN,ResetPIN,click,,
ResetPINBack,//android.widget.ImageView[@resource-id='com.mobeewave.pep.mpos.debug:id/toolbar_back_button'],ResetPIN,Back,click,,
ResetPINProcessTitle,//android.widget.TextView[@resource-id='com.mobeewave.pep.mpos.debug:id/toolbar_title'],ResetPIN,ProcessTitle,view,yes,Reset PIN
ResetPINTitle,//android.widget.TextView[@resource-id='com.mobeewave.pep.mpos.debug:id/sign_up_header'],ResetPIN,Title,view,,
ResetPINMerchantIDValue,//android.widget.EditText[@resource-id='com.mobeewave.pep.mpos.debug:id/sign_up_account_number'],ResetPIN,MerchantIDValue,inputText,,
ResetPINPasswordValue,//android.widget.EditText[@resource-id='com.mobeewave.pep.mpos.debug:id/sign_up_password'],ResetPIN,PasswordValue,inputText,,
ResetPINDisplayPasswordToggle,//android.widget.ImageButton[@resource-id='com.mobeewave.pep.mpos.debug:id/text_input_password_toggle'],ResetPIN,DisplayPasswordToggle,click,,
ResetPINResetPIN,//android.widget.Button[@resource-id='com.mobeewave.pep.mpos.debug:id/base_primary_button'],ResetPIN,ResetPIN,click,,
ResetPINTextBody,//android.widget.TextView[@resource-id='com.mobeewave.pep.mpos.debug:id/sign_up_password_background_text'],ResetPIN,TextBody,view,,
InvalidCredentialsTitle,//android.widget.TextView[@resource-id='com.mobeewave.pep.mpos.debug:id/popup_header'],InvalidCredentials,Title,view,yes,Invalid details
InvalidCredentialsTextBody,//android.widget.TextView[@resource-id='com.mobeewave.pep.mpos.debug:id/popup_text'],InvalidCredentials,TextBody,view,,
InvalidCredentialsRetry,//android.widget.Button[@resource-id='com.mobeewave.pep.mpos.debug:id/base_secondary_button'],InvalidCredentials,Retry,click,,
VoidProcessingPaymentProcessTitle,//android.widget.TextView[@resource-id='com.mobeewave.pep.mpos.debug:id/toolbar_title'],VoidProcessingPayment,ProcessTitle,view,,
VoidProcessingPaymentTitle,//android.widget.TextView[@resource-id='com.mobeewave.pep.mpos.debug:id/lock_header'],VoidProcessingPayment,Title,view,yes,Processing
VoidProcessingPaymentPurchaseAmount,//android.widget.TextView[@resource-id='com.mobeewave.pep.mpos.debug:id/transaction_progress_amount'],VoidProcessingPayment,PurchaseAmount,view,,
SecurityImageTitle,//android.widget.TextView[@resource-id='com.mobeewave.pep.mpos.debug:id/popup_header'],SecurityImage,Title,view,yes,Security image
SecurityImageTextBody,//android.widget.TextView[@resource-id='com.mobeewave.pep.mpos.debug:id/popup_text'],SecurityImage,TextBody,view,,
SecurityImageOK,//android.widget.Button[@resource-id='com.mobeewave.pep.mpos.debug:id/base_secondary_button'],SecurityImage,OK,click,,
ProvisionActivateCompleteProcessTitle,//android.widget.TextView[@resource-id='com.mobeewave.pep.mpos.debug:id/toolbar_title'],ProvisionActivateComplete,ProcessTitle,view,,
ProvisionActivateCompleteTitle,//android.widget.TextView[@resource-id='com.mobeewave.pep.mpos.debug:id/provisioned_header'],ProvisionActivateComplete,Title,view,,
ProvisionActivateCompleteTextBody,//android.widget.TextView[@resource-id='com.mobeewave.pep.mpos.debug:id/provisioned_body'],ProvisionActivateComplete,TextBody,view,yes,"Your account is set up.

You can start accepting contactless payments."
ProvisionActivateCompleteContinue,//android.widget.Button[@text='Continue'],ProvisionActivateComplete,Continue,click,,
PaymentAcceptanceSetupProcessTitle,//android.widget.TextView[@resource-id='com.mobeewave.pep.mpos.debug:id/toolbar_title'],PaymentAcceptanceSetup,ProcessTitle,view,,
PaymentAcceptanceSetupTitle,//android.widget.TextView[@resource-id='com.mobeewave.pep.mpos.debug:id/payment_acceptance_setup_header'],PaymentAcceptanceSetup,Title,view,yes,Payment Acceptance Setup
PaymentAcceptanceSetupTextBody,//android.widget.TextView[@resource-id='com.mobeewave.pep.mpos.debug:id/payment_acceptance_setup_text'],PaymentAcceptanceSetup,TextBody,view,,
PaymentAcceptanceSetupDoItLater,//android.widget.Button[@text='Do it later'],PaymentAcceptanceSetup,DoItLater,click,,
PaymentAcceptanceSetupContinue,//android.widget.Button[@text='Continue'],PaymentAcceptanceSetup,Continue,click,,
DatePickerPreviousMonth,//android.widget.ImageButton[@resource-id='android:id/prev'],DatePicker,PreviousMonth,click,,
DatePickerNextMonth,//android.widget.ImageButton[@resource-id='android:id/next'],DatePicker,NextMonth,click,,
DatePickerFirstDay,//android.view.View[@resource-id='android:id/month_view']/android.view.View[@text=1],DatePicker,FirstDay,click,,
DatePickerOK,//android.widget.Button[@resource-id='android:id/button1'],DatePicker,OK,click,,
DatePickerCancel,//android.widget.Button[@resource-id='android:id/button2'],DatePicker,Cancel,click,,
DatePickerYear,//android.widget.TextView[@resource-id='android:id/date_picker_header_year'],DatePicker,Year,view,yes,2018
ReportSentConfirmationTitle,//android.widget.TextView[@resource-id='com.mobeewave.pep.mpos.debug:id/popup_header'],ReportSentConfirmation,Title,view,yes,Report sent
ReportSentConfirmationTextBody,//android.widget.TextView[@resource-id='com.mobeewave.pep.mpos.debug:id/popup_text'],ReportSentConfirmation,TextBody,view,,
ReportSentConfirmationDone,//android.widget.Button[@resource-id='com.mobeewave.pep.mpos.debug:id/base_secondary_button'],ReportSentConfirmation,Done,click,,
EnterOldPINProcessTitle,//android.widget.TextView[@resource-id='com.mobeewave.pep.mpos.debug:id/toolbar_title'],EnterOldPIN,ProcessTitle,view,,
EnterOldPINTitle,//android.widget.TextView[@resource-id='com.mobeewave.pep.mpos.debug:id/lock_header'],EnterOldPIN,Title,view,yes,Enter old PIN
PINUpdatedTitle,//android.widget.TextView[@resource-id='com.mobeewave.pep.mpos.debug:id/popup_header'],PINUpdated,Title,view,yes,PIN updated
PINUpdatedTextBody,//android.widget.TextView[@resource-id='com.mobeewave.pep.mpos.debug:id/popup_text'],PINUpdated,TextBody,view,,
PINUpdatedDone,//android.widget.Button[@resource-id='com.mobeewave.pep.mpos.debug:id/base_secondary_button'],PINUpdated,Done,click,,
EnterRefundAmountProcessTitle,//android.widget.TextView[@resource-id='com.mobeewave.pep.mpos.debug:id/lock_header'],EnterRefundAmount,ProcessTitle,view,yes,Enter Refund Amount
SignatureTitle,//android.widget.TextView[@text='Signature Requested'],Signature,Title,view,yes,Signature Requested
SignatureTextBody,//android.widget.EditText[@resource-id='com.mobeewave.pep.mpos.debug:id/signature_text'],Signature,TextBody,view,,
SignatureClear,//android.widget.Button[@resource-id='com.mobeewave.pep.mpos.debug:id/base_secondary_button'],Signature,Clear,click,,
SignatureConfirm,//android.widget.Button[@resource-id='com.mobeewave.pep.mpos.debug:id/base_primary_button'],Signature,Confirm,click,,
SignatureSignArea,//android.view.View[@resource-id='com.mobeewave.pep.mpos.debug:id/signature_sign_view'],Signature,SignArea,click,,
